{
	"schemaVersion": 1,
	"id": "mcotp",
	"version": "${version}",
	"name": "MCOTP",
	"description": "This is an example description! Tell everyone what your mod is about!",
	"authors": [
		"Me!"
	],
	"contact": {
		"homepage": "https://fabricmc.net/",
		"sources": "https://github.com/FabricMC/fabric-example-mod"
	},
	"license": "CC0-1.0",
	"icon": "assets/mcotp/icon.png",
	"environment": "*",
	"entrypoints": {
		"main": [
			"cc.mdtc.opt.MCOTP"
		],
		"fabric-datagen": [
			"cc.mdtc.opt.MCOTPDataGenerator"
		]
	},
	"mixins": [
		"mcotp.mixins.json"
	],
	"depends": {
		"fabricloader": ">=0.18.2",
		"minecraft": "~1.21.11",
		"java": ">=21",
		"fabric-api": "*"
	},
	"suggests": {
		"another-mod": "*"
	}
}